<?xml version="1.0" encoding="UTF-8"?><?xml-stylesheet type='text/xsl' href='_UpgradeReport_Files/UpgradeReport.xslt'?><UpgradeLog>
<Properties><Property Name="Solution" Value="Graphics">
</Property><Property Name="Solution File" Value="G:\Graphics\Graphics.sln">
</Property><Property Name="User Options File" Value="G:\Graphics\Graphics.suo">
</Property><Property Name="Date" Value="21 grudnia 2011">
</Property><Property Name="Time" Value="18:25">
</Property></Properties><Event ErrorLevel="0" Project="" Source="Graphics.sln" Description="File successfully backed up as G:\Graphics\Backup\Graphics.sln">
</Event><Event ErrorLevel="0" Project="" Source="Graphics.suo" Description="File successfully backed up as G:\Graphics\Backup\Graphics.suo">
</Event><Event ErrorLevel="0" Project="Graphics" Source="Graphics\Graphics.csproj" Description="Project file successfully backed up as G:\Graphics\Backup\Graphics\Graphics.csproj">
</Event><Event ErrorLevel="0" Project="Graphics" Source="Graphics\App.xaml.cs" Description="File successfully backed up as G:\Graphics\Backup\Graphics\App.xaml.cs">
</Event><Event ErrorLevel="0" Project="Graphics" Source="Graphics\Window1.xaml.cs" Description="File successfully backed up as G:\Graphics\Backup\Graphics\Window1.xaml.cs">
</Event><Event ErrorLevel="0" Project="Graphics" Source="Graphics\Clock.xaml.cs" Description="File successfully backed up as G:\Graphics\Backup\Graphics\Clock.xaml.cs">
</Event><Event ErrorLevel="0" Project="Graphics" Source="Graphics\Properties\AssemblyInfo.cs" Description="File successfully backed up as G:\Graphics\Backup\Graphics\Properties\AssemblyInfo.cs">
</Event><Event ErrorLevel="0" Project="Graphics" Source="Graphics\Properties\Resources.Designer.cs" Description="File successfully backed up as G:\Graphics\Backup\Graphics\Properties\Resources.Designer.cs">
</Event><Event ErrorLevel="0" Project="Graphics" Source="Graphics\Properties\Settings.Designer.cs" Description="File successfully backed up as G:\Graphics\Backup\Graphics\Properties\Settings.Designer.cs">
</Event><Event ErrorLevel="0" Project="Graphics" Source="Graphics\Properties\Settings.settings" Description="File successfully backed up as G:\Graphics\Backup\Graphics\Properties\Settings.settings">
</Event><Event ErrorLevel="0" Project="Graphics" Source="Graphics\Properties\Resources.resx" Description="File successfully backed up as G:\Graphics\Backup\Graphics\Properties\Resources.resx">
</Event><Event ErrorLevel="0" Project="Graphics" Source="Graphics\App.xaml" Description="File successfully backed up as G:\Graphics\Backup\Graphics\App.xaml">
</Event><Event ErrorLevel="0" Project="Graphics" Source="Graphics\Clock.xaml" Description="File successfully backed up as G:\Graphics\Backup\Graphics\Clock.xaml">
</Event><Event ErrorLevel="0" Project="Graphics" Source="Graphics\Window1.xaml" Description="File successfully backed up as G:\Graphics\Backup\Graphics\Window1.xaml">
</Event><Event ErrorLevel="0" Project="Graphics" Source="Graphics\Graphics.csproj" Description="Project converted successfully">
</Event><Event ErrorLevel="3" Project="Graphics" Source="Graphics\Graphics.csproj" Description="Converted">
</Event><Event ErrorLevel="0" Project="" Source="Graphics.sln" Description="Solution converted successfully">
</Event><Event ErrorLevel="3" Project="" Source="Graphics.sln" Description="Converted">
</Event><Event ErrorLevel="0" Project="Graphics" Source="Graphics\Graphics.csproj" Description="Scan complete: Upgrade not required for project files.">
</Event></UpgradeLog>